Datetime,Water Level (m)
2025-04-21 06:00:00,-0.22567822
2025-04-21 07:00:00,0.011413647
2025-04-21 08:00:00,0.24993211
2025-04-21 09:00:00,0.44392008
2025-04-21 10:00:00,0.53020716
2025-04-21 11:00:00,0.4709687
2025-04-21 12:00:00,0.29842338
2025-04-21 13:00:00,0.066756025
2025-04-21 14:00:00,-0.15463321
2025-04-21 15:00:00,-0.35249984
2025-04-21 16:00:00,-0.48869097
2025-04-21 17:00:00,-0.5292807
2025-04-21 18:00:00,-0.45424297
2025-04-21 19:00:00,-0.29475173
2025-04-21 20:00:00,-0.10549935
2025-04-21 21:00:00,0.06475897
2025-04-21 22:00:00,0.18560494
2025-04-21 23:00:00,0.2150898
2025-04-22 00:00:00,0.14074498
2025-04-22 01:00:00,-0.006341386
2025-04-22 02:00:00,-0.1921696
2025-04-22 03:00:00,-0.38397297
2025-04-22 04:00:00,-0.5310094
2025-04-22 05:00:00,-0.596567
2025-04-22 06:00:00,-0.5282455
2025-04-22 07:00:00,-0.32641286
2025-04-22 08:00:00,-0.07932943
2025-04-22 09:00:00,0.1826593
2025-04-22 10:00:00,0.42114788
2025-04-22 11:00:00,0.56797105
2025-04-22 12:00:00,0.58141625
2025-04-22 13:00:00,0.46237892
2025-04-22 14:00:00,0.2508724
2025-04-22 15:00:00,-0.011914054
2025-04-22 16:00:00,-0.2838487
2025-04-22 17:00:00,-0.5189152
2025-04-22 18:00:00,-0.66788703
2025-04-22 19:00:00,-0.67080384
2025-04-22 20:00:00,-0.481142
2025-04-22 21:00:00,-0.2048359
2025-04-22 22:00:00,0.081420824
2025-04-22 23:00:00,0.3246076
2025-04-23 00:00:00,0.46223924
2025-04-23 01:00:00,0.4607855
2025-04-23 02:00:00,0.3134876
2025-04-23 03:00:00,0.067178994
2025-04-23 04:00:00,-0.20472996
2025-04-23 05:00:00,-0.44691443
2025-04-23 06:00:00,-0.616942
2025-04-23 07:00:00,-0.6519944
2025-04-23 08:00:00,-0.47316515
2025-04-23 09:00:00,-0.1655393
2025-04-23 10:00:00,0.18076926
2025-04-23 11:00:00,0.51838595
2025-04-23 12:00:00,0.7697526
2025-04-23 13:00:00,0.851666
2025-04-23 14:00:00,0.73540264
2025-04-23 15:00:00,0.4466952
2025-04-23 16:00:00,0.09824367
2025-04-23 17:00:00,-0.26557547
2025-04-23 18:00:00,-0.56954885
2025-04-23 19:00:00,-0.76675
2025-04-23 20:00:00,-0.7980953
2025-04-23 21:00:00,-0.54191
2025-04-23 22:00:00,-0.14928895
2025-04-23 23:00:00,0.23567949
2025-04-24 00:00:00,0.5619163
2025-04-24 01:00:00,0.7421903
2025-04-24 02:00:00,0.72708255
2025-04-24 03:00:00,0.5155046
2025-04-24 04:00:00,0.20209663
2025-04-24 05:00:00,-0.13292906
2025-04-24 06:00:00,-0.46299452
2025-04-24 07:00:00,-0.69638914
2025-04-24 08:00:00,-0.7912839
2025-04-24 09:00:00,-0.6146993
2025-04-24 10:00:00,-0.22019038
2025-04-24 11:00:00,0.22264823
2025-04-24 12:00:00,0.63629067
2025-04-24 13:00:00,0.9291755
2025-04-24 14:00:00,1.0018864
2025-04-24 15:00:00,0.8039906
2025-04-24 16:00:00,0.43363237
2025-04-24 17:00:00,0.02081147
2025-04-24 18:00:00,-0.39132527
2025-04-24 19:00:00,-0.7263002
2025-04-24 20:00:00,-0.9398283
2025-04-24 21:00:00,-0.9460676
2025-04-24 22:00:00,-0.5906628
2025-04-24 23:00:00,-0.12466729
2025-04-25 00:00:00,0.35610646
2025-04-25 01:00:00,0.7807857
2025-04-25 02:00:00,1.0038825
2025-04-25 03:00:00,0.95698994
2025-04-25 04:00:00,0.65223926
2025-04-25 05:00:00,0.24186483
2025-04-25 06:00:00,-0.18662377
2025-04-25 07:00:00,-0.5704514
2025-04-25 08:00:00,-0.8426442
2025-04-25 09:00:00,-0.920406
2025-04-25 10:00:00,-0.6451661
2025-04-25 11:00:00,-0.17183843
2025-04-25 12:00:00,0.32129827
2025-04-25 13:00:00,0.79436177
2025-04-25 14:00:00,1.0968901
2025-04-25 15:00:00,1.1224903
2025-04-25 16:00:00,0.8310925
2025-04-25 17:00:00,0.38170537
2025-04-25 18:00:00,-0.097033486
2025-04-25 19:00:00,-0.55017686
2025-04-25 20:00:00,-0.9172377
2025-04-25 21:00:00,-1.1304443
2025-04-25 22:00:00,-1.0315385
2025-04-25 23:00:00,-0.5350523
2025-04-26 00:00:00,0.031375755
2025-04-26 01:00:00,0.5912586
2025-04-26 02:00:00,1.049658
2025-04-26 03:00:00,1.226781
2025-04-26 04:00:00,1.0789168
2025-04-26 05:00:00,0.6706376
2025-04-26 06:00:00,0.20015378
2025-04-26 07:00:00,-0.27497613
2025-04-26 08:00:00,-0.67315114
2025-04-26 09:00:00,-0.9544853
2025-04-26 10:00:00,-1.0069731
2025-04-26 11:00:00,-0.62804115
2025-04-26 12:00:00,-0.089260265
2025-04-26 13:00:00,0.46249893
2025-04-26 14:00:00,0.9576802
2025-04-26 15:00:00,1.21835
2025-04-26 16:00:00,1.125385
2025-04-26 17:00:00,0.7080007
2025-04-26 18:00:00,0.21531528
2025-04-26 19:00:00,-0.26758006
2025-04-26 20:00:00,-0.7253136
2025-04-26 21:00:00,-1.070233
2025-04-26 22:00:00,-1.2222011
2025-04-26 23:00:00,-0.9653055
2025-04-27 00:00:00,-0.4014409
2025-04-27 01:00:00,0.20512198
2025-04-27 02:00:00,0.81953853
2025-04-27 03:00:00,1.2538291
2025-04-27 04:00:00,1.3707538
2025-04-27 05:00:00,1.1120543
2025-04-27 06:00:00,0.61850834
